bubble,10,5.610000e-07
bubble,10,4.910000e-07
bubble,10,4.210000e-07
bubble,10,4.610000e-07
bubble,10,4.310000e-07
bubble,10,4.300000e-07
bubble,10,4.410000e-07
bubble,10,4.410000e-07
bubble,10,4.210000e-07
bubble,10,4.510000e-07
bubble,10,4.310000e-07
bubble,10,4.610000e-07
bubble,10,4.400000e-07
bubble,10,4.510000e-07
bubble,10,4.510000e-07
bubble,10,4.710000e-07
bubble,10,4.000000e-07
bubble,10,4.210000e-07
bubble,10,4.410000e-07
bubble,10,4.310000e-07
bubble,10,4.400000e-07
bubble,10,4.410000e-07
bubble,10,4.410000e-07
bubble,10,4.310000e-07
bubble,10,3.800000e-07
bubble,10,4.810000e-07
bubble,10,4.010000e-07
bubble,10,4.310000e-07
bubble,10,4.000000e-07
bubble,10,4.210000e-07
bubble,10,4.510000e-07
bubble,10,4.210000e-07
bubble,10,4.110000e-07
bubble,10,4.510000e-07
bubble,10,4.100000e-07
bubble,10,4.610000e-07
bubble,10,4.310000e-07
bubble,10,4.510000e-07
bubble,10,4.300000e-07
bubble,10,4.310000e-07
bubble,10,4.310000e-07
bubble,10,4.210000e-07
bubble,10,4.110000e-07
bubble,10,4.200000e-07
bubble,10,4.310000e-07
bubble,10,3.910000e-07
bubble,10,4.110000e-07
bubble,10,4.010000e-07
bubble,10,4.210000e-07
bubble,10,4.210000e-07
bubble,100,1.027230e-04
bubble,100,1.027120e-04
bubble,100,1.033040e-04
bubble,100,1.010800e-04
bubble,100,1.030630e-04
bubble,100,1.081820e-04
bubble,100,1.038140e-04
bubble,100,1.028630e-04
bubble,100,1.025930e-04
bubble,100,1.028720e-04
bubble,100,1.028230e-04
bubble,100,1.029930e-04
bubble,100,1.047170e-04
bubble,100,1.031540e-04
bubble,100,1.085440e-04
bubble,100,1.039450e-04
bubble,100,1.028230e-04
bubble,100,1.048660e-04
bubble,100,1.032630e-04
bubble,100,1.023010e-04
bubble,100,7.082300e-05
bubble,100,4.014500e-05
bubble,100,1.028320e-04
bubble,100,1.268380e-04
bubble,100,1.038650e-04
bubble,100,1.035140e-04
bubble,100,1.031130e-04
bubble,100,1.046860e-04
bubble,100,1.028730e-04
bubble,100,1.017810e-04
bubble,100,1.033130e-04
bubble,100,1.015900e-04
bubble,100,1.034240e-04
bubble,100,1.030630e-04
bubble,100,1.031230e-04
bubble,100,1.031240e-04
bubble,100,1.266770e-04
bubble,100,1.028120e-04
bubble,100,1.002580e-04
bubble,100,1.025430e-04
bubble,100,1.025630e-04
bubble,100,1.004790e-04
bubble,100,1.025420e-04
bubble,100,1.026020e-04
bubble,100,1.013800e-04
bubble,100,1.036050e-04
bubble,100,1.015700e-04
bubble,100,1.031440e-04
bubble,100,1.024520e-04
bubble,100,1.028330e-04
bubble,1000,9.145714e-03
bubble,1000,5.673996e-03
bubble,1000,4.766294e-03
bubble,1000,6.635408e-03
bubble,1000,4.235350e-03
bubble,1000,3.958550e-03
bubble,1000,3.966696e-03
bubble,1000,5.263306e-03
bubble,1000,3.936179e-03
bubble,1000,3.944615e-03
bubble,1000,3.951347e-03
bubble,1000,3.932181e-03
bubble,1000,3.917002e-03
bubble,1000,3.914378e-03
bubble,1000,5.840759e-03
bubble,1000,3.939895e-03
bubble,1000,3.944895e-03
bubble,1000,4.383317e-03
bubble,1000,5.075504e-03
bubble,1000,1.005280e-02
bubble,1000,6.788315e-03
bubble,1000,3.908567e-03
bubble,1000,8.312140e-03
bubble,1000,4.004947e-03
bubble,1000,7.228631e-03
bubble,1000,4.181318e-03
bubble,1000,3.990680e-03
bubble,1000,4.313626e-03
bubble,1000,4.295512e-03
bubble,1000,4.101969e-03
bubble,1000,4.298067e-03
bubble,1000,4.253032e-03
bubble,1000,5.798962e-03
bubble,1000,3.894831e-03
bubble,1000,3.983227e-03
bubble,1000,3.935057e-03
bubble,1000,4.176109e-03
bubble,1000,3.943242e-03
bubble,1000,3.940687e-03
bubble,1000,5.582605e-03
bubble,1000,3.927192e-03
bubble,1000,6.246109e-03
bubble,1000,4.014245e-03
bubble,1000,3.993305e-03
bubble,1000,9.293521e-03
bubble,1000,4.053679e-03
bubble,1000,8.676224e-03
bubble,1000,5.892787e-03
bubble,1000,6.743160e-03
bubble,1000,3.973629e-03
bubble,5000,1.009722e-01
bubble,5000,9.901883e-02
bubble,5000,1.113179e-01
bubble,5000,1.040681e-01
bubble,5000,1.022451e-01
bubble,5000,9.921073e-02
bubble,5000,9.779532e-02
bubble,5000,9.907691e-02
bubble,5000,1.036012e-01
bubble,5000,1.052684e-01
bubble,5000,1.070360e-01
bubble,5000,1.025979e-01
bubble,5000,1.021024e-01
bubble,5000,1.013983e-01
bubble,5000,9.998827e-02
bubble,5000,9.913418e-02
bubble,5000,9.851361e-02
bubble,5000,1.038308e-01
bubble,5000,1.127836e-01
bubble,5000,9.833224e-02
bubble,5000,9.763054e-02
bubble,5000,9.787892e-02
bubble,5000,9.800505e-02
bubble,5000,1.039755e-01
bubble,5000,1.025624e-01
bubble,5000,1.012955e-01
bubble,5000,1.053444e-01
bubble,5000,1.080134e-01
bubble,5000,9.798599e-02
bubble,5000,9.837240e-02
bubble,5000,9.849502e-02
bubble,5000,9.865038e-02
bubble,5000,9.899620e-02
bubble,5000,1.005651e-01
bubble,5000,1.000813e-01
bubble,5000,9.969396e-02
bubble,5000,1.197167e-01
bubble,5000,1.064805e-01
bubble,5000,9.766382e-02
bubble,5000,9.794462e-02
bubble,5000,9.772369e-02
bubble,5000,9.753749e-02
bubble,5000,9.765501e-02
bubble,5000,9.725755e-02
bubble,5000,1.008213e-01
bubble,5000,1.013599e-01
bubble,5000,9.888974e-02
bubble,5000,9.984959e-02
bubble,5000,9.688886e-02
bubble,5000,9.715363e-02
bubble,10000,3.924964e-01
bubble,10000,3.952363e-01
bubble,10000,3.963483e-01
bubble,10000,4.158157e-01
bubble,10000,4.082512e-01
bubble,10000,4.331746e-01
bubble,10000,4.287520e-01
bubble,10000,4.166041e-01
bubble,10000,4.184876e-01
bubble,10000,4.211702e-01
bubble,10000,3.932501e-01
bubble,10000,4.060687e-01
bubble,10000,3.929734e-01
bubble,10000,4.151708e-01
bubble,10000,3.971268e-01
bubble,10000,4.204818e-01
bubble,10000,4.178533e-01
bubble,10000,3.951891e-01
bubble,10000,3.973714e-01
bubble,10000,3.948285e-01
bubble,10000,4.022528e-01
bubble,10000,3.982651e-01
bubble,10000,4.100490e-01
bubble,10000,3.995631e-01
bubble,10000,4.164604e-01
bubble,10000,4.120379e-01
bubble,10000,3.964102e-01
bubble,10000,4.413381e-01
bubble,10000,3.925764e-01
bubble,10000,3.915220e-01
bubble,10000,3.996985e-01
bubble,10000,4.092779e-01
bubble,10000,3.988975e-01
bubble,10000,3.906232e-01
bubble,10000,3.989050e-01
bubble,10000,4.009348e-01
bubble,10000,4.219761e-01
bubble,10000,3.967693e-01
bubble,10000,3.942955e-01
bubble,10000,4.064225e-01
bubble,10000,4.079556e-01
bubble,10000,3.899608e-01
bubble,10000,3.982066e-01
bubble,10000,4.031712e-01
bubble,10000,4.023488e-01
bubble,10000,4.160323e-01
bubble,10000,3.947992e-01
bubble,10000,3.950883e-01
bubble,10000,3.948304e-01
bubble,10000,3.926407e-01
insertion,10,3.900000e-07
insertion,10,2.910000e-07
insertion,10,2.500000e-07
insertion,10,2.510000e-07
insertion,10,2.710000e-07
insertion,10,2.410000e-07
insertion,10,2.500000e-07
insertion,10,2.310000e-07
insertion,10,2.300000e-07
insertion,10,2.300000e-07
insertion,10,2.300000e-07
insertion,10,2.400000e-07
insertion,10,2.310000e-07
insertion,10,2.600000e-07
insertion,10,2.300000e-07
insertion,10,2.300000e-07
insertion,10,2.310000e-07
insertion,10,2.610000e-07
insertion,10,2.300000e-07
insertion,10,2.500000e-07
insertion,10,2.300000e-07
insertion,10,2.210000e-07
insertion,10,2.610000e-07
insertion,10,2.300000e-07
insertion,10,2.300000e-07
insertion,10,2.310000e-07
insertion,10,2.310000e-07
insertion,10,2.600000e-07
insertion,10,2.600000e-07
insertion,10,2.310000e-07
insertion,10,2.310000e-07
insertion,10,2.300000e-07
insertion,10,2.300000e-07
insertion,10,2.410000e-07
insertion,10,2.310000e-07
insertion,10,2.300000e-07
insertion,10,2.300000e-07
insertion,10,2.510000e-07
insertion,10,2.610000e-07
insertion,10,2.300000e-07
insertion,10,2.300000e-07
insertion,10,2.410000e-07
insertion,10,2.500000e-07
insertion,10,2.300000e-07
insertion,10,2.310000e-07
insertion,10,2.300000e-07
insertion,10,2.300000e-07
insertion,10,2.300000e-07
insertion,10,2.310000e-07
insertion,10,2.310000e-07
insertion,100,7.868700e-05
insertion,100,7.829700e-05
insertion,100,7.577200e-05
insertion,100,7.871700e-05
insertion,100,7.870800e-05
insertion,100,7.872700e-05
insertion,100,7.870800e-05
insertion,100,7.876700e-05
insertion,100,7.873800e-05
insertion,100,7.871700e-05
insertion,100,7.872800e-05
insertion,100,7.870700e-05
insertion,100,7.834700e-05
insertion,100,7.835700e-05
insertion,100,7.999000e-05
insertion,100,7.827700e-05
insertion,100,7.398800e-05
insertion,100,7.399800e-05
insertion,100,8.213400e-05
insertion,100,7.827700e-05
insertion,100,7.396900e-05
insertion,100,7.548200e-05
insertion,100,7.832700e-05
insertion,100,8.050100e-05
insertion,100,7.825600e-05
insertion,100,7.789600e-05
insertion,100,7.788600e-05
insertion,100,7.791600e-05
insertion,100,7.786600e-05
insertion,100,2.122000e-05
insertion,100,2.119900e-05
insertion,100,2.119000e-05
insertion,100,2.118000e-05
insertion,100,2.117000e-05
insertion,100,2.119000e-05
insertion,100,2.119000e-05
insertion,100,2.120000e-05
insertion,100,2.116900e-05
insertion,100,2.117900e-05
insertion,100,2.118000e-05
insertion,100,2.116900e-05
insertion,100,2.117900e-05
insertion,100,2.117000e-05
insertion,100,2.117000e-05
insertion,100,2.119000e-05
insertion,100,2.117000e-05
insertion,100,2.119000e-05
insertion,100,2.120000e-05
insertion,100,2.148000e-05
insertion,100,2.134000e-05
insertion,1000,2.050244e-03
insertion,1000,2.096620e-03
insertion,1000,2.078636e-03
insertion,1000,2.075210e-03
insertion,1000,2.092423e-03
insertion,1000,2.074639e-03
insertion,1000,2.070291e-03
insertion,1000,2.092844e-03
insertion,1000,2.069439e-03
insertion,1000,2.077785e-03
insertion,1000,2.098304e-03
insertion,1000,2.106719e-03
insertion,1000,2.095518e-03
insertion,1000,2.089447e-03
insertion,1000,2.103303e-03
insertion,1000,2.094175e-03
insertion,1000,2.067736e-03
insertion,1000,3.011986e-03
insertion,1000,5.823667e-03
insertion,1000,2.097211e-03
insertion,1000,2.091140e-03
insertion,1000,2.091721e-03
insertion,1000,3.498618e-03
insertion,1000,2.528329e-03
insertion,1000,3.055848e-03
insertion,1000,2.620623e-03
insertion,1000,2.776094e-03
insertion,1000,2.096921e-03
insertion,1000,2.426739e-03
insertion,1000,2.075881e-03
insertion,1000,2.788276e-03
insertion,1000,2.093685e-03
insertion,1000,2.783598e-03
insertion,1000,2.794298e-03
insertion,1000,2.571721e-03
insertion,1000,2.888385e-03
insertion,1000,3.164823e-03
insertion,1000,3.426313e-03
insertion,1000,2.620663e-03
insertion,1000,2.415017e-03
insertion,1000,3.148462e-03
insertion,1000,2.055293e-03
insertion,1000,3.482709e-03
insertion,1000,3.204978e-03
insertion,1000,2.091300e-03
insertion,1000,2.852527e-03
insertion,1000,3.488450e-03
insertion,1000,2.038732e-03
insertion,1000,2.282419e-03
insertion,1000,4.450242e-03
insertion,5000,6.312162e-02
insertion,5000,6.115810e-02
insertion,5000,5.335029e-02
insertion,5000,5.357672e-02
insertion,5000,5.882101e-02
insertion,5000,6.256845e-02
insertion,5000,5.750883e-02
insertion,5000,7.156005e-02
insertion,5000,5.666725e-02
insertion,5000,8.876133e-02
insertion,5000,5.216343e-02
insertion,5000,9.463043e-02
insertion,5000,9.126594e-02
insertion,5000,8.259365e-02
insertion,5000,8.766285e-02
insertion,5000,5.609327e-02
insertion,5000,8.280651e-02
insertion,5000,5.363156e-02
insertion,5000,6.163728e-02
insertion,5000,6.371111e-02
insertion,5000,6.298648e-02
insertion,5000,5.333284e-02
insertion,5000,5.315492e-02
insertion,5000,5.776445e-02
insertion,5000,5.432979e-02
insertion,5000,8.179609e-02
insertion,5000,6.639090e-02
insertion,5000,6.732731e-02
insertion,5000,7.227556e-02
insertion,5000,6.747147e-02
insertion,5000,7.408322e-02
insertion,5000,7.096282e-02
insertion,5000,5.225672e-02
insertion,5000,5.223739e-02
insertion,5000,6.298158e-02
insertion,5000,8.232281e-02
insertion,5000,5.410222e-02
insertion,5000,5.415448e-02
insertion,5000,5.979481e-02
insertion,5000,7.864623e-02
insertion,5000,5.510213e-02
insertion,5000,7.641578e-02
insertion,5000,6.766569e-02
insertion,5000,7.161207e-02
insertion,5000,6.456645e-02
insertion,5000,1.052386e-01
insertion,5000,5.884057e-02
insertion,5000,7.374965e-02
insertion,5000,6.272112e-02
insertion,5000,6.154451e-02
insertion,10000,2.510295e-01
insertion,10000,3.677661e-01
insertion,10000,2.758741e-01
insertion,10000,2.369486e-01
insertion,10000,2.992445e-01
insertion,10000,2.383845e-01
insertion,10000,2.528144e-01
insertion,10000,2.446740e-01
insertion,10000,2.389765e-01
insertion,10000,2.958135e-01
insertion,10000,2.358149e-01
insertion,10000,2.560893e-01
insertion,10000,2.383858e-01
insertion,10000,2.377389e-01
insertion,10000,2.617905e-01
insertion,10000,2.638375e-01
insertion,10000,2.540194e-01
insertion,10000,2.733156e-01
insertion,10000,3.279057e-01
insertion,10000,2.313637e-01
insertion,10000,2.685650e-01
insertion,10000,2.740531e-01
insertion,10000,2.860414e-01
insertion,10000,3.194898e-01
insertion,10000,2.700619e-01
insertion,10000,2.735459e-01
insertion,10000,2.289639e-01
insertion,10000,2.430856e-01
insertion,10000,3.059496e-01
insertion,10000,2.405493e-01
insertion,10000,2.569764e-01
insertion,10000,2.346118e-01
insertion,10000,2.562074e-01
insertion,10000,3.202282e-01
insertion,10000,2.124338e-01
insertion,10000,2.828223e-01
insertion,10000,3.024551e-01
insertion,10000,2.747593e-01
insertion,10000,2.997414e-01
insertion,10000,2.353279e-01
insertion,10000,2.689989e-01
insertion,10000,3.081988e-01
insertion,10000,2.785245e-01
insertion,10000,2.193428e-01
insertion,10000,2.555358e-01
insertion,10000,2.405359e-01
insertion,10000,2.863738e-01
insertion,10000,2.428603e-01
insertion,10000,2.484913e-01
insertion,10000,2.250771e-01
selection,10,4.210000e-07
selection,10,3.510000e-07
selection,10,2.510000e-07
selection,10,2.010000e-07
selection,10,1.910000e-07
selection,10,1.800000e-07
selection,10,1.800000e-07
selection,10,1.910000e-07
selection,10,1.800000e-07
selection,10,1.800000e-07
selection,10,1.800000e-07
selection,10,1.910000e-07
selection,10,1.910000e-07
selection,10,1.900000e-07
selection,10,1.900000e-07
selection,10,1.800000e-07
selection,10,1.810000e-07
selection,10,1.800000e-07
selection,10,1.900000e-07
selection,10,1.900000e-07
selection,10,1.810000e-07
selection,10,1.800000e-07
selection,10,1.900000e-07
selection,10,1.810000e-07
selection,10,1.910000e-07
selection,10,1.800000e-07
selection,10,1.800000e-07
selection,10,1.800000e-07
selection,10,1.810000e-07
selection,10,1.800000e-07
selection,10,1.810000e-07
selection,10,1.810000e-07
selection,10,1.800000e-07
selection,10,1.800000e-07
selection,10,1.910000e-07
selection,10,1.900000e-07
selection,10,1.900000e-07
selection,10,1.800000e-07
selection,10,1.910000e-07
selection,10,1.800000e-07
selection,10,1.810000e-07
selection,10,1.910000e-07
selection,10,1.800000e-07
selection,10,1.800000e-07
selection,10,1.800000e-07
selection,10,1.910000e-07
selection,10,1.700000e-07
selection,10,1.800000e-07
selection,10,1.810000e-07
selection,10,1.900000e-07
selection,100,1.588000e-05
selection,100,1.535900e-05
selection,100,1.513800e-05
selection,100,1.546900e-05
selection,100,1.501800e-05
selection,100,1.540900e-05
selection,100,1.540900e-05
selection,100,1.540900e-05
selection,100,1.540900e-05
selection,100,1.539900e-05
selection,100,1.541900e-05
selection,100,1.498800e-05
selection,100,1.500800e-05
selection,100,1.497800e-05
selection,100,1.534800e-05
selection,100,1.534900e-05
selection,100,1.532800e-05
selection,100,1.530900e-05
selection,100,1.533900e-05
selection,100,1.531900e-05
selection,100,1.530900e-05
selection,100,1.532800e-05
selection,100,1.532900e-05
selection,100,1.533800e-05
selection,100,1.532900e-05
selection,100,1.531800e-05
selection,100,1.529900e-05
selection,100,1.529900e-05
selection,100,1.530900e-05
selection,100,1.530900e-05
selection,100,1.530900e-05
selection,100,1.529900e-05
selection,100,1.530900e-05
selection,100,1.485800e-05
selection,100,1.530800e-05
selection,100,1.530900e-05
selection,100,1.533800e-05
selection,100,1.487800e-05
selection,100,1.532900e-05
selection,100,1.530900e-05
selection,100,1.534900e-05
selection,100,1.530900e-05
selection,100,1.532900e-05
selection,100,1.535900e-05
selection,100,1.488800e-05
selection,100,1.534800e-05
selection,100,1.483800e-05
selection,100,1.532800e-05
selection,100,1.529900e-05
selection,100,1.538900e-05
selection,1000,1.406757e-03
selection,1000,1.392670e-03
selection,1000,1.409753e-03
selection,1000,1.405584e-03
selection,1000,1.414561e-03
selection,1000,1.410224e-03
selection,1000,1.405515e-03
selection,1000,1.403962e-03
selection,1000,1.388323e-03
selection,1000,1.382371e-03
selection,1000,1.400766e-03
selection,1000,1.407418e-03
selection,1000,1.390517e-03
selection,1000,1.382953e-03
selection,1000,1.385828e-03
selection,1000,1.398362e-03
selection,1000,1.400015e-03
selection,1000,1.453875e-03
selection,1000,1.394013e-03
selection,1000,1.412037e-03
selection,1000,1.404342e-03
selection,1000,1.383483e-03
selection,1000,1.404714e-03
selection,1000,1.398121e-03
selection,1000,1.371100e-03
selection,1000,1.403531e-03
selection,1000,1.400084e-03
selection,1000,1.414361e-03
selection,1000,1.419030e-03
selection,1000,1.406496e-03
selection,1000,1.386018e-03
selection,1000,1.431143e-03
selection,1000,1.397579e-03
selection,1000,1.384695e-03
selection,1000,1.393412e-03
selection,1000,1.394414e-03
selection,1000,1.388523e-03
selection,1000,1.447293e-03
selection,1000,1.417928e-03
selection,1000,1.373184e-03
selection,1000,1.406988e-03
selection,1000,1.421365e-03
selection,1000,1.419591e-03
selection,1000,1.411737e-03
selection,1000,1.410655e-03
selection,1000,1.389534e-03
selection,1000,1.413861e-03
selection,1000,1.406026e-03
selection,1000,1.411847e-03
selection,1000,1.416035e-03
selection,5000,3.552697e-02
selection,5000,3.521911e-02
selection,5000,3.505989e-02
selection,5000,3.496228e-02
selection,5000,3.483180e-02
selection,5000,3.533276e-02
selection,5000,3.492644e-02
selection,5000,3.483758e-02
selection,5000,3.477579e-02
selection,5000,3.493750e-02
selection,5000,3.547946e-02
selection,5000,3.522113e-02
selection,5000,3.511820e-02
selection,5000,3.512237e-02
selection,5000,3.551075e-02
selection,5000,3.509152e-02
selection,5000,3.554862e-02
selection,5000,3.572721e-02
selection,5000,3.531500e-02
selection,5000,3.894255e-02
selection,5000,3.497884e-02
selection,5000,3.468940e-02
selection,5000,3.470657e-02
selection,5000,3.465158e-02
selection,5000,3.481176e-02
selection,5000,3.475268e-02
selection,5000,3.470347e-02
selection,5000,3.486003e-02
selection,5000,3.462261e-02
selection,5000,3.485299e-02
selection,5000,3.482925e-02
selection,5000,3.497463e-02
selection,5000,3.473511e-02
selection,5000,3.468425e-02
selection,5000,3.462327e-02
selection,5000,3.478249e-02
selection,5000,3.473340e-02
selection,5000,3.468842e-02
selection,5000,3.459907e-02
selection,5000,3.449019e-02
selection,5000,3.456435e-02
selection,5000,3.432387e-02
selection,5000,3.485487e-02
selection,5000,3.513865e-02
selection,5000,3.489000e-02
selection,5000,3.529300e-02
selection,5000,3.516463e-02
selection,5000,3.536379e-02
selection,5000,3.651840e-02
selection,5000,3.708085e-02
selection,10000,1.437036e-01
selection,10000,1.420016e-01
selection,10000,1.422763e-01
selection,10000,1.414112e-01
selection,10000,1.427715e-01
selection,10000,1.410825e-01
selection,10000,1.440308e-01
selection,10000,1.411623e-01
selection,10000,1.419797e-01
selection,10000,1.418598e-01
selection,10000,1.420521e-01
selection,10000,1.413455e-01
selection,10000,1.418307e-01
selection,10000,1.416246e-01
selection,10000,1.426317e-01
selection,10000,1.415952e-01
selection,10000,1.429972e-01
selection,10000,1.426704e-01
selection,10000,1.418242e-01
selection,10000,1.423205e-01
selection,10000,1.446441e-01
selection,10000,1.418265e-01
selection,10000,1.406435e-01
selection,10000,1.403336e-01
selection,10000,1.421806e-01
selection,10000,1.408481e-01
selection,10000,1.430187e-01
selection,10000,1.424974e-01
selection,10000,1.455585e-01
selection,10000,1.399010e-01
selection,10000,1.408761e-01
selection,10000,1.416652e-01
selection,10000,1.413477e-01
selection,10000,1.416267e-01
selection,10000,1.419718e-01
selection,10000,1.429577e-01
selection,10000,1.423812e-01
selection,10000,1.416504e-01
selection,10000,1.420437e-01
selection,10000,1.415612e-01
selection,10000,1.395502e-01
selection,10000,1.415194e-01
selection,10000,1.423206e-01
selection,10000,1.444390e-01
selection,10000,1.439552e-01
selection,10000,1.419287e-01
selection,10000,1.415518e-01
selection,10000,1.420621e-01
selection,10000,1.436062e-01
selection,10000,1.437595e-01
quick,10,6.310000e-07
quick,10,5.010000e-07
quick,10,4.500000e-07
quick,10,3.710000e-07
quick,10,3.110000e-07
quick,10,3.010000e-07
quick,10,3.110000e-07
quick,10,3.100000e-07
quick,10,3.300000e-07
quick,10,3.100000e-07
quick,10,3.110000e-07
quick,10,3.210000e-07
quick,10,3.110000e-07
quick,10,3.110000e-07
quick,10,3.210000e-07
quick,10,3.210000e-07
quick,10,3.410000e-07
quick,10,3.210000e-07
quick,10,3.100000e-07
quick,10,3.100000e-07
quick,10,3.200000e-07
quick,10,3.100000e-07
quick,10,3.100000e-07
quick,10,3.010000e-07
quick,10,3.110000e-07
quick,10,3.210000e-07
quick,10,3.010000e-07
quick,10,3.110000e-07
quick,10,3.310000e-07
quick,10,3.110000e-07
quick,10,3.210000e-07
quick,10,3.110000e-07
quick,10,3.110000e-07
quick,10,3.100000e-07
quick,10,3.310000e-07
quick,10,3.100000e-07
quick,10,4.310000e-07
quick,10,3.410000e-07
quick,10,3.110000e-07
quick,10,3.110000e-07
quick,10,3.100000e-07
quick,10,3.100000e-07
quick,10,3.200000e-07
quick,10,4.310000e-07
quick,10,3.210000e-07
quick,10,3.110000e-07
quick,10,3.110000e-07
quick,10,3.310000e-07
quick,10,3.110000e-07
quick,10,3.100000e-07
quick,100,2.654900e-05
quick,100,2.493700e-05
quick,100,2.463600e-05
quick,100,2.461600e-05
quick,100,2.460600e-05
quick,100,2.468600e-05
quick,100,2.419600e-05
quick,100,3.316200e-05
quick,100,2.416500e-05
quick,100,2.339400e-05
quick,100,2.424500e-05
quick,100,2.401500e-05
quick,100,2.430600e-05
quick,100,2.436600e-05
quick,100,2.442500e-05
quick,100,2.422500e-05
quick,100,2.422500e-05
quick,100,2.396500e-05
quick,100,2.377500e-05
quick,100,2.454600e-05
quick,100,2.401500e-05
quick,100,2.417500e-05
quick,100,2.446600e-05
quick,100,2.403500e-05
quick,100,2.381500e-05
quick,100,5.759300e-05
quick,100,3.671900e-05
quick,100,3.584700e-05
quick,100,3.651800e-05
quick,100,3.677800e-05
quick,100,3.597700e-05
quick,100,3.680900e-05
quick,100,3.644800e-05
quick,100,3.605800e-05
quick,100,3.622800e-05
quick,100,3.546600e-05
quick,100,3.642900e-05
quick,100,3.603700e-05
quick,100,3.642800e-05
quick,100,3.619800e-05
quick,100,3.648900e-05
quick,100,3.617700e-05
quick,100,3.651900e-05
quick,100,3.677900e-05
quick,100,3.580700e-05
quick,100,3.608800e-05
quick,100,3.639900e-05
quick,100,3.652800e-05
quick,100,3.643900e-05
quick,100,3.696900e-05
quick,1000,2.223327e-03
quick,1000,2.192831e-03
quick,1000,2.205975e-03
quick,1000,2.163275e-03
quick,1000,2.193082e-03
quick,1000,2.170689e-03
quick,1000,2.244538e-03
quick,1000,2.255168e-03
quick,1000,2.173605e-03
quick,1000,2.200985e-03
quick,1000,2.166772e-03
quick,1000,2.173755e-03
quick,1000,2.222185e-03
quick,1000,2.213799e-03
quick,1000,2.212647e-03
quick,1000,2.214231e-03
quick,1000,2.213499e-03
quick,1000,2.212036e-03
quick,1000,2.217887e-03
quick,1000,2.322022e-03
quick,1000,2.283300e-03
quick,1000,2.280038e-03
quick,1000,2.298719e-03
quick,1000,2.255638e-03
quick,1000,2.252232e-03
quick,1000,2.268292e-03
quick,1000,2.249888e-03
quick,1000,2.240891e-03
quick,1000,2.278100e-03
quick,1000,2.249507e-03
quick,1000,2.292833e-03
quick,1000,2.778353e-03
quick,1000,2.222136e-03
quick,1000,2.216104e-03
quick,1000,2.206586e-03
quick,1000,2.213009e-03
quick,1000,2.205725e-03
quick,1000,2.206045e-03
quick,1000,2.259315e-03
quick,1000,2.214982e-03
quick,1000,2.211245e-03
quick,1000,2.187060e-03
quick,1000,2.205194e-03
quick,1000,2.178574e-03
quick,1000,2.236012e-03
quick,1000,2.197259e-03
quick,1000,2.200745e-03
quick,1000,2.215573e-03
quick,1000,2.210884e-03
quick,1000,2.187731e-03
quick,5000,5.449303e-02
quick,5000,5.433344e-02
quick,5000,5.437330e-02
quick,5000,5.427052e-02
quick,5000,5.618082e-02
quick,5000,5.411562e-02
quick,5000,5.431205e-02
quick,5000,5.471925e-02
quick,5000,5.413128e-02
quick,5000,5.387826e-02
quick,5000,5.381437e-02
quick,5000,5.382340e-02
quick,5000,5.402154e-02
quick,5000,5.405624e-02
quick,5000,5.376993e-02
quick,5000,5.366620e-02
quick,5000,5.623870e-02
quick,5000,5.883742e-02
quick,5000,5.468850e-02
quick,5000,5.500462e-02
quick,5000,5.485986e-02
quick,5000,5.447731e-02
quick,5000,5.445295e-02
quick,5000,5.427628e-02
quick,5000,5.444957e-02
quick,5000,5.451785e-02
quick,5000,5.446101e-02
quick,5000,5.407303e-02
quick,5000,5.387017e-02
quick,5000,5.394957e-02
quick,5000,5.467600e-02
quick,5000,5.479008e-02
quick,5000,5.470566e-02
quick,5000,5.401172e-02
quick,5000,5.441063e-02
quick,5000,5.450554e-02
quick,5000,5.811883e-02
quick,5000,5.443301e-02
quick,5000,5.458498e-02
quick,5000,5.440985e-02
quick,5000,5.464460e-02
quick,5000,5.456978e-02
quick,5000,5.444276e-02
quick,5000,5.444148e-02
quick,5000,5.517921e-02
quick,5000,5.449267e-02
quick,5000,5.436429e-02
quick,5000,5.456139e-02
quick,5000,5.389861e-02
quick,5000,5.365751e-02
quick,10000,2.135714e-01
quick,10000,2.184029e-01
quick,10000,2.153618e-01
quick,10000,2.159630e-01
quick,10000,2.177997e-01
quick,10000,2.170768e-01
quick,10000,2.252568e-01
quick,10000,2.155867e-01
quick,10000,2.149576e-01
quick,10000,2.155327e-01
quick,10000,2.195046e-01
quick,10000,2.151844e-01
quick,10000,2.151266e-01
quick,10000,2.144966e-01
quick,10000,2.138144e-01
quick,10000,2.195934e-01
quick,10000,2.175201e-01
quick,10000,2.179666e-01
quick,10000,2.174191e-01
quick,10000,2.174911e-01
quick,10000,2.181247e-01
quick,10000,2.130558e-01
quick,10000,2.159622e-01
quick,10000,2.166480e-01
quick,10000,2.160288e-01
quick,10000,2.180241e-01
quick,10000,2.179291e-01
quick,10000,2.175690e-01
quick,10000,2.163492e-01
quick,10000,2.192106e-01
quick,10000,2.203098e-01
quick,10000,2.157287e-01
quick,10000,2.205772e-01
quick,10000,2.210421e-01
quick,10000,2.223227e-01
quick,10000,2.168650e-01
quick,10000,2.149608e-01
quick,10000,2.189940e-01
quick,10000,2.146866e-01
quick,10000,2.215368e-01
quick,10000,2.152011e-01
quick,10000,2.154305e-01
quick,10000,2.168076e-01
quick,10000,2.178195e-01
quick,10000,2.208723e-01
quick,10000,2.173869e-01
quick,10000,2.166336e-01
quick,10000,2.195204e-01
quick,10000,2.152969e-01
quick,10000,2.137846e-01
